date,views,unique_views,clones,unique_clones
2026-05-25,0,0,0,0
2026-05-26,0,0,0,0
2026-05-27,0,0,0,0
2026-05-28,0,0,0,0
2026-05-29,0,0,0,0
2026-05-30,0,0,0,0
2026-05-31,115,29,159,81
2026-06-01,38,14,2,2
2026-06-02,10,8,1,1
2026-06-03,7,6,0,0
2026-06-04,27,12,1,1
2026-06-05,45,10,16,10
2026-06-06,58,7,111,54
2026-06-07,140,28,139,68
2026-06-08,169,10,269,122
2026-06-09,274,21,282,120
2026-06-10,55,7,45,25
2026-06-11,16,8,109,31
2026-06-12,28,14,12,7
2026-06-13,82,23,71,27
2026-06-14,14,10,57,18
2026-06-15,11,5,53,19
2026-06-16,29,12,9,6
2026-06-17,7,5,20,10
2026-06-18,64,11,71,31
2026-06-19,115,20,70,37
2026-06-20,16,5,12,7
2026-06-21,5,5,14,10
2026-06-22,19,7,11,7
2026-06-23,47,8,41,20
2026-06-24,50,4,72,31
2026-06-25,8,7,19,13
2026-06-26,35,13,16,11
2026-06-27,143,20,166,59
2026-06-28,27,8,13,8
2026-06-29,24,7,9,5
2026-06-30,9,3,13,8
2026-07-01,20,12,7,6
2026-07-02,31,7,14,9
2026-07-03,31,14,10,6
2026-07-04,23,11,5,4
2026-07-05,20,10,14,8
2026-07-06,25,7,6,5
2026-07-07,5,4,6,4
2026-07-08,8,1,3,2
2026-07-09,19,6,5,4
2026-07-10,18,9,4,3
